date,name,countryCode
2022-01-01,New Year's Day,PA
2022-01-09,Martyr's Day,PA
2022-02-28,Carnival,PA
2022-03-01,Carnival,PA
2022-04-15,Good Friday,PA
2022-05-01,Labour Day,PA
2022-11-03,Separation Day,PA
2022-11-04,Flag Day,PA
2022-11-05,Colon Day,PA
2022-11-10,Shout in Villa de los Santos,PA
2022-11-28,Independence Day,PA
2022-12-08,Mothers' Day,PA
2022-12-25,Christmas Day,PA
2023-01-01,New Year's Day,PA
2023-01-09,Martyr's Day,PA
2023-02-20,Carnival,PA
2023-02-21,Carnival,PA
2023-04-07,Good Friday,PA
2023-05-01,Labour Day,PA
2023-11-03,Separation Day,PA
2023-11-04,Flag Day,PA
2023-11-05,Colon Day,PA
2023-11-10,Shout in Villa de los Santos,PA
2023-11-28,Independence Day,PA
2023-12-08,Mothers' Day,PA
2023-12-25,Christmas Day,PA
2024-01-01,New Year's Day,PA
2024-01-09,Martyr's Day,PA
2024-02-12,Carnival,PA
2024-02-13,Carnival,PA
2024-03-29,Good Friday,PA
2024-05-01,Labour Day,PA
2024-11-03,Separation Day,PA
2024-11-04,Flag Day,PA
2024-11-05,Colon Day,PA
2024-11-10,Shout in Villa de los Santos,PA
2024-11-28,Independence Day,PA
2024-12-08,Mothers' Day,PA
2024-12-25,Christmas Day,PA
2025-01-01,New Year's Day,PA
2025-01-09,Martyr's Day,PA
2025-03-03,Carnival,PA
2025-03-04,Carnival,PA
2025-04-18,Good Friday,PA
2025-05-01,Labour Day,PA
2025-11-03,Separation Day,PA
2025-11-04,Flag Day,PA
2025-11-05,Colon Day,PA
2025-11-10,Shout in Villa de los Santos,PA
2025-11-28,Independence Day,PA
2025-12-08,Mothers' Day,PA
2025-12-25,Christmas Day,PA
2026-01-01,New Year's Day,PA
2026-01-09,Martyr's Day,PA
2026-02-16,Carnival,PA
2026-02-17,Carnival,PA
2026-04-03,Good Friday,PA
2026-05-01,Labour Day,PA
2026-11-03,Separation Day,PA
2026-11-04,Flag Day,PA
2026-11-05,Colon Day,PA
2026-11-10,Shout in Villa de los Santos,PA
2026-11-28,Independence Day,PA
2026-12-08,Mothers' Day,PA
2026-12-25,Christmas Day,PA
2027-01-01,New Year's Day,PA
2027-01-09,Martyr's Day,PA
2027-02-08,Carnival,PA
2027-02-09,Carnival,PA
2027-03-26,Good Friday,PA
2027-05-01,Labour Day,PA
2027-11-03,Separation Day,PA
2027-11-04,Flag Day,PA
2027-11-05,Colon Day,PA
2027-11-10,Shout in Villa de los Santos,PA
2027-11-28,Independence Day,PA
2027-12-08,Mothers' Day,PA
2027-12-25,Christmas Day,PA
2028-01-01,New Year's Day,PA
2028-01-09,Martyr's Day,PA
2028-02-28,Carnival,PA
2028-02-29,Carnival,PA
2028-04-14,Good Friday,PA
2028-05-01,Labour Day,PA
2028-11-03,Separation Day,PA
2028-11-04,Flag Day,PA
2028-11-05,Colon Day,PA
2028-11-10,Shout in Villa de los Santos,PA
2028-11-28,Independence Day,PA
2028-12-08,Mothers' Day,PA
2028-12-25,Christmas Day,PA
2029-01-01,New Year's Day,PA
2029-01-09,Martyr's Day,PA
2029-02-12,Carnival,PA
2029-02-13,Carnival,PA
2029-03-30,Good Friday,PA
2029-05-01,Labour Day,PA
2029-11-03,Separation Day,PA
2029-11-04,Flag Day,PA
2029-11-05,Colon Day,PA
2029-11-10,Shout in Villa de los Santos,PA
2029-11-28,Independence Day,PA
2029-12-08,Mothers' Day,PA
2029-12-25,Christmas Day,PA
2030-01-01,New Year's Day,PA
2030-01-09,Martyr's Day,PA
2030-03-04,Carnival,PA
2030-03-05,Carnival,PA
2030-04-19,Good Friday,PA
2030-05-01,Labour Day,PA
2030-11-03,Separation Day,PA
2030-11-04,Flag Day,PA
2030-11-05,Colon Day,PA
2030-11-10,Shout in Villa de los Santos,PA
2030-11-28,Independence Day,PA
2030-12-08,Mothers' Day,PA
2030-12-25,Christmas Day,PA
2031-01-01,New Year's Day,PA
2031-01-09,Martyr's Day,PA
2031-02-24,Carnival,PA
2031-02-25,Carnival,PA
2031-04-11,Good Friday,PA
2031-05-01,Labour Day,PA
2031-11-03,Separation Day,PA
2031-11-04,Flag Day,PA
2031-11-05,Colon Day,PA
2031-11-10,Shout in Villa de los Santos,PA
2031-11-28,Independence Day,PA
2031-12-08,Mothers' Day,PA
2031-12-25,Christmas Day,PA
2032-01-01,New Year's Day,PA
2032-01-09,Martyr's Day,PA
2032-02-09,Carnival,PA
2032-02-10,Carnival,PA
2032-03-26,Good Friday,PA
2032-05-01,Labour Day,PA
2032-11-03,Separation Day,PA
2032-11-04,Flag Day,PA
2032-11-05,Colon Day,PA
2032-11-10,Shout in Villa de los Santos,PA
2032-11-28,Independence Day,PA
2032-12-08,Mothers' Day,PA
2032-12-25,Christmas Day,PA
2033-01-01,New Year's Day,PA
2033-01-09,Martyr's Day,PA
2033-02-28,Carnival,PA
2033-03-01,Carnival,PA
2033-04-15,Good Friday,PA
2033-05-01,Labour Day,PA
2033-11-03,Separation Day,PA
2033-11-04,Flag Day,PA
2033-11-05,Colon Day,PA
2033-11-10,Shout in Villa de los Santos,PA
2033-11-28,Independence Day,PA
2033-12-08,Mothers' Day,PA
2033-12-25,Christmas Day,PA
2034-01-01,New Year's Day,PA
2034-01-09,Martyr's Day,PA
2034-02-20,Carnival,PA
2034-02-21,Carnival,PA
2034-04-07,Good Friday,PA
2034-05-01,Labour Day,PA
2034-11-03,Separation Day,PA
2034-11-04,Flag Day,PA
2034-11-05,Colon Day,PA
2034-11-10,Shout in Villa de los Santos,PA
2034-11-28,Independence Day,PA
2034-12-08,Mothers' Day,PA
2034-12-25,Christmas Day,PA
2035-01-01,New Year's Day,PA
2035-01-09,Martyr's Day,PA
2035-02-05,Carnival,PA
2035-02-06,Carnival,PA
2035-03-23,Good Friday,PA
2035-05-01,Labour Day,PA
2035-11-03,Separation Day,PA
2035-11-04,Flag Day,PA
2035-11-05,Colon Day,PA
2035-11-10,Shout in Villa de los Santos,PA
2035-11-28,Independence Day,PA
2035-12-08,Mothers' Day,PA
2035-12-25,Christmas Day,PA
2036-01-01,New Year's Day,PA
2036-01-09,Martyr's Day,PA
2036-02-25,Carnival,PA
2036-02-26,Carnival,PA
2036-04-11,Good Friday,PA
2036-05-01,Labour Day,PA
2036-11-03,Separation Day,PA
2036-11-04,Flag Day,PA
2036-11-05,Colon Day,PA
2036-11-10,Shout in Villa de los Santos,PA
2036-11-28,Independence Day,PA
2036-12-08,Mothers' Day,PA
2036-12-25,Christmas Day,PA
2037-01-01,New Year's Day,PA
2037-01-09,Martyr's Day,PA
2037-02-16,Carnival,PA
2037-02-17,Carnival,PA
2037-04-03,Good Friday,PA
2037-05-01,Labour Day,PA
2037-11-03,Separation Day,PA
2037-11-04,Flag Day,PA
2037-11-05,Colon Day,PA
2037-11-10,Shout in Villa de los Santos,PA
2037-11-28,Independence Day,PA
2037-12-08,Mothers' Day,PA
2037-12-25,Christmas Day,PA
2038-01-01,New Year's Day,PA
2038-01-09,Martyr's Day,PA
2038-03-08,Carnival,PA
2038-03-09,Carnival,PA
2038-04-23,Good Friday,PA
2038-05-01,Labour Day,PA
2038-11-03,Separation Day,PA
2038-11-04,Flag Day,PA
2038-11-05,Colon Day,PA
2038-11-10,Shout in Villa de los Santos,PA
2038-11-28,Independence Day,PA
2038-12-08,Mothers' Day,PA
2038-12-25,Christmas Day,PA
2039-01-01,New Year's Day,PA
2039-01-09,Martyr's Day,PA
2039-02-21,Carnival,PA
2039-02-22,Carnival,PA
2039-04-08,Good Friday,PA
2039-05-01,Labour Day,PA
2039-11-03,Separation Day,PA
2039-11-04,Flag Day,PA
2039-11-05,Colon Day,PA
2039-11-10,Shout in Villa de los Santos,PA
2039-11-28,Independence Day,PA
2039-12-08,Mothers' Day,PA
2039-12-25,Christmas Day,PA
2040-01-01,New Year's Day,PA
2040-01-09,Martyr's Day,PA
2040-02-13,Carnival,PA
2040-02-14,Carnival,PA
2040-03-30,Good Friday,PA
2040-05-01,Labour Day,PA
2040-11-03,Separation Day,PA
2040-11-04,Flag Day,PA
2040-11-05,Colon Day,PA
2040-11-10,Shout in Villa de los Santos,PA
2040-11-28,Independence Day,PA
2040-12-08,Mothers' Day,PA
2040-12-25,Christmas Day,PA
2041-01-01,New Year's Day,PA
2041-01-09,Martyr's Day,PA
2041-03-04,Carnival,PA
2041-03-05,Carnival,PA
2041-04-19,Good Friday,PA
2041-05-01,Labour Day,PA
2041-11-03,Separation Day,PA
2041-11-04,Flag Day,PA
2041-11-05,Colon Day,PA
2041-11-10,Shout in Villa de los Santos,PA
2041-11-28,Independence Day,PA
2041-12-08,Mothers' Day,PA
2041-12-25,Christmas Day,PA
2042-01-01,New Year's Day,PA
2042-01-09,Martyr's Day,PA
2042-02-17,Carnival,PA
2042-02-18,Carnival,PA
2042-04-04,Good Friday,PA
2042-05-01,Labour Day,PA
2042-11-03,Separation Day,PA
2042-11-04,Flag Day,PA
2042-11-05,Colon Day,PA
2042-11-10,Shout in Villa de los Santos,PA
2042-11-28,Independence Day,PA
2042-12-08,Mothers' Day,PA
2042-12-25,Christmas Day,PA
2043-01-01,New Year's Day,PA
2043-01-09,Martyr's Day,PA
2043-02-09,Carnival,PA
2043-02-10,Carnival,PA
2043-03-27,Good Friday,PA
2043-05-01,Labour Day,PA
2043-11-03,Separation Day,PA
2043-11-04,Flag Day,PA
2043-11-05,Colon Day,PA
2043-11-10,Shout in Villa de los Santos,PA
2043-11-28,Independence Day,PA
2043-12-08,Mothers' Day,PA
2043-12-25,Christmas Day,PA
2044-01-01,New Year's Day,PA
2044-01-09,Martyr's Day,PA
2044-02-29,Carnival,PA
2044-03-01,Carnival,PA
2044-04-15,Good Friday,PA
2044-05-01,Labour Day,PA
2044-11-03,Separation Day,PA
2044-11-04,Flag Day,PA
2044-11-05,Colon Day,PA
2044-11-10,Shout in Villa de los Santos,PA
2044-11-28,Independence Day,PA
2044-12-08,Mothers' Day,PA
2044-12-25,Christmas Day,PA
2045-01-01,New Year's Day,PA
2045-01-09,Martyr's Day,PA
2045-02-20,Carnival,PA
2045-02-21,Carnival,PA
2045-04-07,Good Friday,PA
2045-05-01,Labour Day,PA
2045-11-03,Separation Day,PA
2045-11-04,Flag Day,PA
2045-11-05,Colon Day,PA
2045-11-10,Shout in Villa de los Santos,PA
2045-11-28,Independence Day,PA
2045-12-08,Mothers' Day,PA
2045-12-25,Christmas Day,PA
2046-01-01,New Year's Day,PA
2046-01-09,Martyr's Day,PA
2046-02-05,Carnival,PA
2046-02-06,Carnival,PA
2046-03-23,Good Friday,PA
2046-05-01,Labour Day,PA
2046-11-03,Separation Day,PA
2046-11-04,Flag Day,PA
2046-11-05,Colon Day,PA
2046-11-10,Shout in Villa de los Santos,PA
2046-11-28,Independence Day,PA
2046-12-08,Mothers' Day,PA
2046-12-25,Christmas Day,PA
2047-01-01,New Year's Day,PA
2047-01-09,Martyr's Day,PA
2047-02-25,Carnival,PA
2047-02-26,Carnival,PA
2047-04-12,Good Friday,PA
2047-05-01,Labour Day,PA
2047-11-03,Separation Day,PA
2047-11-04,Flag Day,PA
2047-11-05,Colon Day,PA
2047-11-10,Shout in Villa de los Santos,PA
2047-11-28,Independence Day,PA
2047-12-08,Mothers' Day,PA
2047-12-25,Christmas Day,PA
2048-01-01,New Year's Day,PA
2048-01-09,Martyr's Day,PA
2048-02-17,Carnival,PA
2048-02-18,Carnival,PA
2048-04-03,Good Friday,PA
2048-05-01,Labour Day,PA
2048-11-03,Separation Day,PA
2048-11-04,Flag Day,PA
2048-11-05,Colon Day,PA
2048-11-10,Shout in Villa de los Santos,PA
2048-11-28,Independence Day,PA
2048-12-08,Mothers' Day,PA
2048-12-25,Christmas Day,PA
2049-01-01,New Year's Day,PA
2049-01-09,Martyr's Day,PA
2049-03-01,Carnival,PA
2049-03-02,Carnival,PA
2049-04-16,Good Friday,PA
2049-05-01,Labour Day,PA
2049-11-03,Separation Day,PA
2049-11-04,Flag Day,PA
2049-11-05,Colon Day,PA
2049-11-10,Shout in Villa de los Santos,PA
2049-11-28,Independence Day,PA
2049-12-08,Mothers' Day,PA
2049-12-25,Christmas Day,PA
2050-01-01,New Year's Day,PA
2050-01-09,Martyr's Day,PA
2050-02-21,Carnival,PA
2050-02-22,Carnival,PA
2050-04-08,Good Friday,PA
2050-05-01,Labour Day,PA
2050-11-03,Separation Day,PA
2050-11-04,Flag Day,PA
2050-11-05,Colon Day,PA
2050-11-10,Shout in Villa de los Santos,PA
2050-11-28,Independence Day,PA
2050-12-08,Mothers' Day,PA
2050-12-25,Christmas Day,PA
2051-01-01,New Year's Day,PA
2051-01-09,Martyr's Day,PA
2051-02-13,Carnival,PA
2051-02-14,Carnival,PA
2051-03-31,Good Friday,PA
2051-05-01,Labour Day,PA
2051-11-03,Separation Day,PA
2051-11-04,Flag Day,PA
2051-11-05,Colon Day,PA
2051-11-10,Shout in Villa de los Santos,PA
2051-11-28,Independence Day,PA
2051-12-08,Mothers' Day,PA
2051-12-25,Christmas Day,PA
2052-01-01,New Year's Day,PA
2052-01-09,Martyr's Day,PA
2052-03-04,Carnival,PA
2052-03-05,Carnival,PA
2052-04-19,Good Friday,PA
2052-05-01,Labour Day,PA
2052-11-03,Separation Day,PA
2052-11-04,Flag Day,PA
2052-11-05,Colon Day,PA
2052-11-10,Shout in Villa de los Santos,PA
2052-11-28,Independence Day,PA
2052-12-08,Mothers' Day,PA
2052-12-25,Christmas Day,PA
2053-01-01,New Year's Day,PA
2053-01-09,Martyr's Day,PA
2053-02-17,Carnival,PA
2053-02-18,Carnival,PA
2053-04-04,Good Friday,PA
2053-05-01,Labour Day,PA
2053-11-03,Separation Day,PA
2053-11-04,Flag Day,PA
2053-11-05,Colon Day,PA
2053-11-10,Shout in Villa de los Santos,PA
2053-11-28,Independence Day,PA
2053-12-08,Mothers' Day,PA
2053-12-25,Christmas Day,PA
2054-01-01,New Year's Day,PA
2054-01-09,Martyr's Day,PA
2054-02-09,Carnival,PA
2054-02-10,Carnival,PA
2054-03-27,Good Friday,PA
2054-05-01,Labour Day,PA
2054-11-03,Separation Day,PA
2054-11-04,Flag Day,PA
2054-11-05,Colon Day,PA
2054-11-10,Shout in Villa de los Santos,PA
2054-11-28,Independence Day,PA
2054-12-08,Mothers' Day,PA
2054-12-25,Christmas Day,PA
2055-01-01,New Year's Day,PA
2055-01-09,Martyr's Day,PA
2055-03-01,Carnival,PA
2055-03-02,Carnival,PA
2055-04-16,Good Friday,PA
2055-05-01,Labour Day,PA
2055-11-03,Separation Day,PA
2055-11-04,Flag Day,PA
2055-11-05,Colon Day,PA
2055-11-10,Shout in Villa de los Santos,PA
2055-11-28,Independence Day,PA
2055-12-08,Mothers' Day,PA
2055-12-25,Christmas Day,PA
2056-01-01,New Year's Day,PA
2056-01-09,Martyr's Day,PA
2056-02-14,Carnival,PA
2056-02-15,Carnival,PA
2056-03-31,Good Friday,PA
2056-05-01,Labour Day,PA
2056-11-03,Separation Day,PA
2056-11-04,Flag Day,PA
2056-11-05,Colon Day,PA
2056-11-10,Shout in Villa de los Santos,PA
2056-11-28,Independence Day,PA
2056-12-08,Mothers' Day,PA
2056-12-25,Christmas Day,PA
2057-01-01,New Year's Day,PA
2057-01-09,Martyr's Day,PA
2057-03-05,Carnival,PA
2057-03-06,Carnival,PA
2057-04-20,Good Friday,PA
2057-05-01,Labour Day,PA
2057-11-03,Separation Day,PA
2057-11-04,Flag Day,PA
2057-11-05,Colon Day,PA
2057-11-10,Shout in Villa de los Santos,PA
2057-11-28,Independence Day,PA
2057-12-08,Mothers' Day,PA
2057-12-25,Christmas Day,PA
2058-01-01,New Year's Day,PA
2058-01-09,Martyr's Day,PA
2058-02-25,Carnival,PA
2058-02-26,Carnival,PA
2058-04-12,Good Friday,PA
2058-05-01,Labour Day,PA
2058-11-03,Separation Day,PA
2058-11-04,Flag Day,PA
2058-11-05,Colon Day,PA
2058-11-10,Shout in Villa de los Santos,PA
2058-11-28,Independence Day,PA
2058-12-08,Mothers' Day,PA
2058-12-25,Christmas Day,PA
2059-01-01,New Year's Day,PA
2059-01-09,Martyr's Day,PA
2059-02-10,Carnival,PA
2059-02-11,Carnival,PA
2059-03-28,Good Friday,PA
2059-05-01,Labour Day,PA
2059-11-03,Separation Day,PA
2059-11-04,Flag Day,PA
2059-11-05,Colon Day,PA
2059-11-10,Shout in Villa de los Santos,PA
2059-11-28,Independence Day,PA
2059-12-08,Mothers' Day,PA
2059-12-25,Christmas Day,PA
2060-01-01,New Year's Day,PA
2060-01-09,Martyr's Day,PA
2060-03-01,Carnival,PA
2060-03-02,Carnival,PA
2060-04-16,Good Friday,PA
2060-05-01,Labour Day,PA
2060-11-03,Separation Day,PA
2060-11-04,Flag Day,PA
2060-11-05,Colon Day,PA
2060-11-10,Shout in Villa de los Santos,PA
2060-11-28,Independence Day,PA
2060-12-08,Mothers' Day,PA
2060-12-25,Christmas Day,PA
2061-01-01,New Year's Day,PA
2061-01-09,Martyr's Day,PA
2061-02-21,Carnival,PA
2061-02-22,Carnival,PA
2061-04-08,Good Friday,PA
2061-05-01,Labour Day,PA
2061-11-03,Separation Day,PA
2061-11-04,Flag Day,PA
2061-11-05,Colon Day,PA
2061-11-10,Shout in Villa de los Santos,PA
2061-11-28,Independence Day,PA
2061-12-08,Mothers' Day,PA
2061-12-25,Christmas Day,PA
2062-01-01,New Year's Day,PA
2062-01-09,Martyr's Day,PA
2062-02-06,Carnival,PA
2062-02-07,Carnival,PA
2062-03-24,Good Friday,PA
2062-05-01,Labour Day,PA
2062-11-03,Separation Day,PA
2062-11-04,Flag Day,PA
2062-11-05,Colon Day,PA
2062-11-10,Shout in Villa de los Santos,PA
2062-11-28,Independence Day,PA
2062-12-08,Mothers' Day,PA
2062-12-25,Christmas Day,PA
2063-01-01,New Year's Day,PA
2063-01-09,Martyr's Day,PA
2063-02-26,Carnival,PA
2063-02-27,Carnival,PA
2063-04-13,Good Friday,PA
2063-05-01,Labour Day,PA
2063-11-03,Separation Day,PA
2063-11-04,Flag Day,PA
2063-11-05,Colon Day,PA
2063-11-10,Shout in Villa de los Santos,PA
2063-11-28,Independence Day,PA
2063-12-08,Mothers' Day,PA
2063-12-25,Christmas Day,PA
2064-01-01,New Year's Day,PA
2064-01-09,Martyr's Day,PA
2064-02-18,Carnival,PA
2064-02-19,Carnival,PA
2064-04-04,Good Friday,PA
2064-05-01,Labour Day,PA
2064-11-03,Separation Day,PA
2064-11-04,Flag Day,PA
2064-11-05,Colon Day,PA
2064-11-10,Shout in Villa de los Santos,PA
2064-11-28,Independence Day,PA
2064-12-08,Mothers' Day,PA
2064-12-25,Christmas Day,PA
2065-01-01,New Year's Day,PA
2065-01-09,Martyr's Day,PA
2065-02-09,Carnival,PA
2065-02-10,Carnival,PA
2065-03-27,Good Friday,PA
2065-05-01,Labour Day,PA
2065-11-03,Separation Day,PA
2065-11-04,Flag Day,PA
2065-11-05,Colon Day,PA
2065-11-10,Shout in Villa de los Santos,PA
2065-11-28,Independence Day,PA
2065-12-08,Mothers' Day,PA
2065-12-25,Christmas Day,PA
2066-01-01,New Year's Day,PA
2066-01-09,Martyr's Day,PA
2066-02-22,Carnival,PA
2066-02-23,Carnival,PA
2066-04-09,Good Friday,PA
2066-05-01,Labour Day,PA
2066-11-03,Separation Day,PA
2066-11-04,Flag Day,PA
2066-11-05,Colon Day,PA
2066-11-10,Shout in Villa de los Santos,PA
2066-11-28,Independence Day,PA
2066-12-08,Mothers' Day,PA
2066-12-25,Christmas Day,PA
2067-01-01,New Year's Day,PA
2067-01-09,Martyr's Day,PA
2067-02-14,Carnival,PA
2067-02-15,Carnival,PA
2067-04-01,Good Friday,PA
2067-05-01,Labour Day,PA
2067-11-03,Separation Day,PA
2067-11-04,Flag Day,PA
2067-11-05,Colon Day,PA
2067-11-10,Shout in Villa de los Santos,PA
2067-11-28,Independence Day,PA
2067-12-08,Mothers' Day,PA
2067-12-25,Christmas Day,PA
2068-01-01,New Year's Day,PA
2068-01-09,Martyr's Day,PA
2068-03-05,Carnival,PA
2068-03-06,Carnival,PA
2068-04-20,Good Friday,PA
2068-05-01,Labour Day,PA
2068-11-03,Separation Day,PA
2068-11-04,Flag Day,PA
2068-11-05,Colon Day,PA
2068-11-10,Shout in Villa de los Santos,PA
2068-11-28,Independence Day,PA
2068-12-08,Mothers' Day,PA
2068-12-25,Christmas Day,PA
2069-01-01,New Year's Day,PA
2069-01-09,Martyr's Day,PA
2069-02-25,Carnival,PA
2069-02-26,Carnival,PA
2069-04-12,Good Friday,PA
2069-05-01,Labour Day,PA
2069-11-03,Separation Day,PA
2069-11-04,Flag Day,PA
2069-11-05,Colon Day,PA
2069-11-10,Shout in Villa de los Santos,PA
2069-11-28,Independence Day,PA
2069-12-08,Mothers' Day,PA
2069-12-25,Christmas Day,PA
2070-01-01,New Year's Day,PA
2070-01-09,Martyr's Day,PA
2070-02-10,Carnival,PA
2070-02-11,Carnival,PA
2070-03-28,Good Friday,PA
2070-05-01,Labour Day,PA
2070-11-03,Separation Day,PA
2070-11-04,Flag Day,PA
2070-11-05,Colon Day,PA
2070-11-10,Shout in Villa de los Santos,PA
2070-11-28,Independence Day,PA
2070-12-08,Mothers' Day,PA
2070-12-25,Christmas Day,PA
2071-01-01,New Year's Day,PA
2071-01-09,Martyr's Day,PA
2071-03-02,Carnival,PA
2071-03-03,Carnival,PA
2071-04-17,Good Friday,PA
2071-05-01,Labour Day,PA
2071-11-03,Separation Day,PA
2071-11-04,Flag Day,PA
2071-11-05,Colon Day,PA
2071-11-10,Shout in Villa de los Santos,PA
2071-11-28,Independence Day,PA
2071-12-08,Mothers' Day,PA
2071-12-25,Christmas Day,PA
2072-01-01,New Year's Day,PA
2072-01-09,Martyr's Day,PA
2072-02-22,Carnival,PA
2072-02-23,Carnival,PA
2072-04-08,Good Friday,PA
2072-05-01,Labour Day,PA
2072-11-03,Separation Day,PA
2072-11-04,Flag Day,PA
2072-11-05,Colon Day,PA
2072-11-10,Shout in Villa de los Santos,PA
2072-11-28,Independence Day,PA
2072-12-08,Mothers' Day,PA
2072-12-25,Christmas Day,PA
2073-01-01,New Year's Day,PA
2073-01-09,Martyr's Day,PA
2073-02-06,Carnival,PA
2073-02-07,Carnival,PA
2073-03-24,Good Friday,PA
2073-05-01,Labour Day,PA
2073-11-03,Separation Day,PA
2073-11-04,Flag Day,PA
2073-11-05,Colon Day,PA
2073-11-10,Shout in Villa de los Santos,PA
2073-11-28,Independence Day,PA
2073-12-08,Mothers' Day,PA
2073-12-25,Christmas Day,PA
2074-01-01,New Year's Day,PA
2074-01-09,Martyr's Day,PA
2074-02-26,Carnival,PA
2074-02-27,Carnival,PA
2074-04-13,Good Friday,PA
2074-05-01,Labour Day,PA
2074-11-03,Separation Day,PA
2074-11-04,Flag Day,PA
2074-11-05,Colon Day,PA
2074-11-10,Shout in Villa de los Santos,PA
2074-11-28,Independence Day,PA
2074-12-08,Mothers' Day,PA
2074-12-25,Christmas Day,PA
2075-01-01,New Year's Day,PA
2075-01-09,Martyr's Day,PA
2075-02-18,Carnival,PA
2075-02-19,Carnival,PA
2075-04-05,Good Friday,PA
2075-05-01,Labour Day,PA
2075-11-03,Separation Day,PA
2075-11-04,Flag Day,PA
2075-11-05,Colon Day,PA
2075-11-10,Shout in Villa de los Santos,PA
2075-11-28,Independence Day,PA
2075-12-08,Mothers' Day,PA
2075-12-25,Christmas Day,PA
2076-01-01,New Year's Day,PA
2076-01-09,Martyr's Day,PA
2076-03-02,Carnival,PA
2076-03-03,Carnival,PA
2076-04-17,Good Friday,PA
2076-05-01,Labour Day,PA
2076-11-03,Separation Day,PA
2076-11-04,Flag Day,PA
2076-11-05,Colon Day,PA
2076-11-10,Shout in Villa de los Santos,PA
2076-11-28,Independence Day,PA
2076-12-08,Mothers' Day,PA
2076-12-25,Christmas Day,PA
2077-01-01,New Year's Day,PA
2077-01-09,Martyr's Day,PA
2077-02-22,Carnival,PA
2077-02-23,Carnival,PA
2077-04-09,Good Friday,PA
2077-05-01,Labour Day,PA
2077-11-03,Separation Day,PA
2077-11-04,Flag Day,PA
2077-11-05,Colon Day,PA
2077-11-10,Shout in Villa de los Santos,PA
2077-11-28,Independence Day,PA
2077-12-08,Mothers' Day,PA
2077-12-25,Christmas Day,PA
2078-01-01,New Year's Day,PA
2078-01-09,Martyr's Day,PA
2078-02-14,Carnival,PA
2078-02-15,Carnival,PA
2078-04-01,Good Friday,PA
2078-05-01,Labour Day,PA
2078-11-03,Separation Day,PA
2078-11-04,Flag Day,PA
2078-11-05,Colon Day,PA
2078-11-10,Shout in Villa de los Santos,PA
2078-11-28,Independence Day,PA
2078-12-08,Mothers' Day,PA
2078-12-25,Christmas Day,PA
2079-01-01,New Year's Day,PA
2079-01-09,Martyr's Day,PA
2079-03-06,Carnival,PA
2079-03-07,Carnival,PA
2079-04-21,Good Friday,PA
2079-05-01,Labour Day,PA
2079-11-03,Separation Day,PA
2079-11-04,Flag Day,PA
2079-11-05,Colon Day,PA
2079-11-10,Shout in Villa de los Santos,PA
2079-11-28,Independence Day,PA
2079-12-08,Mothers' Day,PA
2079-12-25,Christmas Day,PA
2080-01-01,New Year's Day,PA
2080-01-09,Martyr's Day,PA
2080-02-19,Carnival,PA
2080-02-20,Carnival,PA
2080-04-05,Good Friday,PA
2080-05-01,Labour Day,PA
2080-11-03,Separation Day,PA
2080-11-04,Flag Day,PA
2080-11-05,Colon Day,PA
2080-11-10,Shout in Villa de los Santos,PA
2080-11-28,Independence Day,PA
2080-12-08,Mothers' Day,PA
2080-12-25,Christmas Day,PA
2081-01-01,New Year's Day,PA
2081-01-09,Martyr's Day,PA
2081-02-10,Carnival,PA
2081-02-11,Carnival,PA
2081-03-28,Good Friday,PA
2081-05-01,Labour Day,PA
2081-11-03,Separation Day,PA
2081-11-04,Flag Day,PA
2081-11-05,Colon Day,PA
2081-11-10,Shout in Villa de los Santos,PA
2081-11-28,Independence Day,PA
2081-12-08,Mothers' Day,PA
2081-12-25,Christmas Day,PA
2082-01-01,New Year's Day,PA
2082-01-09,Martyr's Day,PA
2082-03-02,Carnival,PA
2082-03-03,Carnival,PA
2082-04-17,Good Friday,PA
2082-05-01,Labour Day,PA
2082-11-03,Separation Day,PA
2082-11-04,Flag Day,PA
2082-11-05,Colon Day,PA
2082-11-10,Shout in Villa de los Santos,PA
2082-11-28,Independence Day,PA
2082-12-08,Mothers' Day,PA
2082-12-25,Christmas Day,PA
2083-01-01,New Year's Day,PA
2083-01-09,Martyr's Day,PA
2083-02-15,Carnival,PA
2083-02-16,Carnival,PA
2083-04-02,Good Friday,PA
2083-05-01,Labour Day,PA
2083-11-03,Separation Day,PA
2083-11-04,Flag Day,PA
2083-11-05,Colon Day,PA
2083-11-10,Shout in Villa de los Santos,PA
2083-11-28,Independence Day,PA
2083-12-08,Mothers' Day,PA
2083-12-25,Christmas Day,PA
2084-01-01,New Year's Day,PA
2084-01-09,Martyr's Day,PA
2084-02-07,Carnival,PA
2084-02-08,Carnival,PA
2084-03-24,Good Friday,PA
2084-05-01,Labour Day,PA
2084-11-03,Separation Day,PA
2084-11-04,Flag Day,PA
2084-11-05,Colon Day,PA
2084-11-10,Shout in Villa de los Santos,PA
2084-11-28,Independence Day,PA
2084-12-08,Mothers' Day,PA
2084-12-25,Christmas Day,PA
2085-01-01,New Year's Day,PA
2085-01-09,Martyr's Day,PA
2085-02-26,Carnival,PA
2085-02-27,Carnival,PA
2085-04-13,Good Friday,PA
2085-05-01,Labour Day,PA
2085-11-03,Separation Day,PA
2085-11-04,Flag Day,PA
2085-11-05,Colon Day,PA
2085-11-10,Shout in Villa de los Santos,PA
2085-11-28,Independence Day,PA
2085-12-08,Mothers' Day,PA
2085-12-25,Christmas Day,PA
2086-01-01,New Year's Day,PA
2086-01-09,Martyr's Day,PA
2086-02-11,Carnival,PA
2086-02-12,Carnival,PA
2086-03-29,Good Friday,PA
2086-05-01,Labour Day,PA
2086-11-03,Separation Day,PA
2086-11-04,Flag Day,PA
2086-11-05,Colon Day,PA
2086-11-10,Shout in Villa de los Santos,PA
2086-11-28,Independence Day,PA
2086-12-08,Mothers' Day,PA
2086-12-25,Christmas Day,PA
2087-01-01,New Year's Day,PA
2087-01-09,Martyr's Day,PA
2087-03-03,Carnival,PA
2087-03-04,Carnival,PA
2087-04-18,Good Friday,PA
2087-05-01,Labour Day,PA
2087-11-03,Separation Day,PA
2087-11-04,Flag Day,PA
2087-11-05,Colon Day,PA
2087-11-10,Shout in Villa de los Santos,PA
2087-11-28,Independence Day,PA
2087-12-08,Mothers' Day,PA
2087-12-25,Christmas Day,PA
2088-01-01,New Year's Day,PA
2088-01-09,Martyr's Day,PA
2088-02-23,Carnival,PA
2088-02-24,Carnival,PA
2088-04-09,Good Friday,PA
2088-05-01,Labour Day,PA
2088-11-03,Separation Day,PA
2088-11-04,Flag Day,PA
2088-11-05,Colon Day,PA
2088-11-10,Shout in Villa de los Santos,PA
2088-11-28,Independence Day,PA
2088-12-08,Mothers' Day,PA
2088-12-25,Christmas Day,PA
2089-01-01,New Year's Day,PA
2089-01-09,Martyr's Day,PA
2089-02-14,Carnival,PA
2089-02-15,Carnival,PA
2089-04-01,Good Friday,PA
2089-05-01,Labour Day,PA
2089-11-03,Separation Day,PA
2089-11-04,Flag Day,PA
2089-11-05,Colon Day,PA
2089-11-10,Shout in Villa de los Santos,PA
2089-11-28,Independence Day,PA
2089-12-08,Mothers' Day,PA
2089-12-25,Christmas Day,PA
2090-01-01,New Year's Day,PA
2090-01-09,Martyr's Day,PA
2090-02-27,Carnival,PA
2090-02-28,Carnival,PA
2090-04-14,Good Friday,PA
2090-05-01,Labour Day,PA
2090-11-03,Separation Day,PA
2090-11-04,Flag Day,PA
2090-11-05,Colon Day,PA
2090-11-10,Shout in Villa de los Santos,PA
2090-11-28,Independence Day,PA
2090-12-08,Mothers' Day,PA
2090-12-25,Christmas Day,PA
2091-01-01,New Year's Day,PA
2091-01-09,Martyr's Day,PA
2091-02-19,Carnival,PA
2091-02-20,Carnival,PA
2091-04-06,Good Friday,PA
2091-05-01,Labour Day,PA
2091-11-03,Separation Day,PA
2091-11-04,Flag Day,PA
2091-11-05,Colon Day,PA
2091-11-10,Shout in Villa de los Santos,PA
2091-11-28,Independence Day,PA
2091-12-08,Mothers' Day,PA
2091-12-25,Christmas Day,PA
2092-01-01,New Year's Day,PA
2092-01-09,Martyr's Day,PA
2092-02-11,Carnival,PA
2092-02-12,Carnival,PA
2092-03-28,Good Friday,PA
2092-05-01,Labour Day,PA
2092-11-03,Separation Day,PA
2092-11-04,Flag Day,PA
2092-11-05,Colon Day,PA
2092-11-10,Shout in Villa de los Santos,PA
2092-11-28,Independence Day,PA
2092-12-08,Mothers' Day,PA
2092-12-25,Christmas Day,PA
2093-01-01,New Year's Day,PA
2093-01-09,Martyr's Day,PA
2093-02-23,Carnival,PA
2093-02-24,Carnival,PA
2093-04-10,Good Friday,PA
2093-05-01,Labour Day,PA
2093-11-03,Separation Day,PA
2093-11-04,Flag Day,PA
2093-11-05,Colon Day,PA
2093-11-10,Shout in Villa de los Santos,PA
2093-11-28,Independence Day,PA
2093-12-08,Mothers' Day,PA
2093-12-25,Christmas Day,PA
2094-01-01,New Year's Day,PA
2094-01-09,Martyr's Day,PA
2094-02-15,Carnival,PA
2094-02-16,Carnival,PA
2094-04-02,Good Friday,PA
2094-05-01,Labour Day,PA
2094-11-03,Separation Day,PA
2094-11-04,Flag Day,PA
2094-11-05,Colon Day,PA
2094-11-10,Shout in Villa de los Santos,PA
2094-11-28,Independence Day,PA
2094-12-08,Mothers' Day,PA
2094-12-25,Christmas Day,PA
2095-01-01,New Year's Day,PA
2095-01-09,Martyr's Day,PA
2095-03-07,Carnival,PA
2095-03-08,Carnival,PA
2095-04-22,Good Friday,PA
2095-05-01,Labour Day,PA
2095-11-03,Separation Day,PA
2095-11-04,Flag Day,PA
2095-11-05,Colon Day,PA
2095-11-10,Shout in Villa de los Santos,PA
2095-11-28,Independence Day,PA
2095-12-08,Mothers' Day,PA
2095-12-25,Christmas Day,PA
2096-01-01,New Year's Day,PA
2096-01-09,Martyr's Day,PA
2096-02-27,Carnival,PA
2096-02-28,Carnival,PA
2096-04-13,Good Friday,PA
2096-05-01,Labour Day,PA
2096-11-03,Separation Day,PA
2096-11-04,Flag Day,PA
2096-11-05,Colon Day,PA
2096-11-10,Shout in Villa de los Santos,PA
2096-11-28,Independence Day,PA
2096-12-08,Mothers' Day,PA
2096-12-25,Christmas Day,PA
2097-01-01,New Year's Day,PA
2097-01-09,Martyr's Day,PA
2097-02-11,Carnival,PA
2097-02-12,Carnival,PA
2097-03-29,Good Friday,PA
2097-05-01,Labour Day,PA
2097-11-03,Separation Day,PA
2097-11-04,Flag Day,PA
2097-11-05,Colon Day,PA
2097-11-10,Shout in Villa de los Santos,PA
2097-11-28,Independence Day,PA
2097-12-08,Mothers' Day,PA
2097-12-25,Christmas Day,PA
2098-01-01,New Year's Day,PA
2098-01-09,Martyr's Day,PA
2098-03-03,Carnival,PA
2098-03-04,Carnival,PA
2098-04-18,Good Friday,PA
2098-05-01,Labour Day,PA
2098-11-03,Separation Day,PA
2098-11-04,Flag Day,PA
2098-11-05,Colon Day,PA
2098-11-10,Shout in Villa de los Santos,PA
2098-11-28,Independence Day,PA
2098-12-08,Mothers' Day,PA
2098-12-25,Christmas Day,PA
2099-01-01,New Year's Day,PA
2099-01-09,Martyr's Day,PA
2099-02-23,Carnival,PA
2099-02-24,Carnival,PA
2099-04-10,Good Friday,PA
2099-05-01,Labour Day,PA
2099-11-03,Separation Day,PA
2099-11-04,Flag Day,PA
2099-11-05,Colon Day,PA
2099-11-10,Shout in Villa de los Santos,PA
2099-11-28,Independence Day,PA
2099-12-08,Mothers' Day,PA
2099-12-25,Christmas Day,PA
2100-01-01,New Year's Day,PA
2100-01-09,Martyr's Day,PA
2100-02-08,Carnival,PA
2100-02-09,Carnival,PA
2100-03-26,Good Friday,PA
2100-05-01,Labour Day,PA
2100-11-03,Separation Day,PA
2100-11-04,Flag Day,PA
2100-11-05,Colon Day,PA
2100-11-10,Shout in Villa de los Santos,PA
2100-11-28,Independence Day,PA
2100-12-08,Mothers' Day,PA
2100-12-25,Christmas Day,PA
2101-01-01,New Year's Day,PA
2101-01-09,Martyr's Day,PA
2101-02-28,Carnival,PA
2101-03-01,Carnival,PA
2101-04-15,Good Friday,PA
2101-05-01,Labour Day,PA
2101-11-03,Separation Day,PA
2101-11-04,Flag Day,PA
2101-11-05,Colon Day,PA
2101-11-10,Shout in Villa de los Santos,PA
2101-11-28,Independence Day,PA
2101-12-08,Mothers' Day,PA
2101-12-25,Christmas Day,PA
2102-01-01,New Year's Day,PA
2102-01-09,Martyr's Day,PA
2102-02-20,Carnival,PA
2102-02-21,Carnival,PA
2102-04-07,Good Friday,PA
2102-05-01,Labour Day,PA
2102-11-03,Separation Day,PA
2102-11-04,Flag Day,PA
2102-11-05,Colon Day,PA
2102-11-10,Shout in Villa de los Santos,PA
2102-11-28,Independence Day,PA
2102-12-08,Mothers' Day,PA
2102-12-25,Christmas Day,PA
2103-01-01,New Year's Day,PA
2103-01-09,Martyr's Day,PA
2103-02-05,Carnival,PA
2103-02-06,Carnival,PA
2103-03-23,Good Friday,PA
2103-05-01,Labour Day,PA
2103-11-03,Separation Day,PA
2103-11-04,Flag Day,PA
2103-11-05,Colon Day,PA
2103-11-10,Shout in Villa de los Santos,PA
2103-11-28,Independence Day,PA
2103-12-08,Mothers' Day,PA
2103-12-25,Christmas Day,PA
2104-01-01,New Year's Day,PA
2104-01-09,Martyr's Day,PA
2104-02-25,Carnival,PA
2104-02-26,Carnival,PA
2104-04-11,Good Friday,PA
2104-05-01,Labour Day,PA
2104-11-03,Separation Day,PA
2104-11-04,Flag Day,PA
2104-11-05,Colon Day,PA
2104-11-10,Shout in Villa de los Santos,PA
2104-11-28,Independence Day,PA
2104-12-08,Mothers' Day,PA
2104-12-25,Christmas Day,PA
2105-01-01,New Year's Day,PA
2105-01-09,Martyr's Day,PA
2105-02-16,Carnival,PA
2105-02-17,Carnival,PA
2105-04-03,Good Friday,PA
2105-05-01,Labour Day,PA
2105-11-03,Separation Day,PA
2105-11-04,Flag Day,PA
2105-11-05,Colon Day,PA
2105-11-10,Shout in Villa de los Santos,PA
2105-11-28,Independence Day,PA
2105-12-08,Mothers' Day,PA
2105-12-25,Christmas Day,PA
2106-01-01,New Year's Day,PA
2106-01-09,Martyr's Day,PA
2106-03-01,Carnival,PA
2106-03-02,Carnival,PA
2106-04-16,Good Friday,PA
2106-05-01,Labour Day,PA
2106-11-03,Separation Day,PA
2106-11-04,Flag Day,PA
2106-11-05,Colon Day,PA
2106-11-10,Shout in Villa de los Santos,PA
2106-11-28,Independence Day,PA
2106-12-08,Mothers' Day,PA
2106-12-25,Christmas Day,PA
2107-01-01,New Year's Day,PA
2107-01-09,Martyr's Day,PA
2107-02-21,Carnival,PA
2107-02-22,Carnival,PA
2107-04-08,Good Friday,PA
2107-05-01,Labour Day,PA
2107-11-03,Separation Day,PA
2107-11-04,Flag Day,PA
2107-11-05,Colon Day,PA
2107-11-10,Shout in Villa de los Santos,PA
2107-11-28,Independence Day,PA
2107-12-08,Mothers' Day,PA
2107-12-25,Christmas Day,PA
2108-01-01,New Year's Day,PA
2108-01-09,Martyr's Day,PA
2108-02-13,Carnival,PA
2108-02-14,Carnival,PA
2108-03-30,Good Friday,PA
2108-05-01,Labour Day,PA
2108-11-03,Separation Day,PA
2108-11-04,Flag Day,PA
2108-11-05,Colon Day,PA
2108-11-10,Shout in Villa de los Santos,PA
2108-11-28,Independence Day,PA
2108-12-08,Mothers' Day,PA
2108-12-25,Christmas Day,PA
2109-01-01,New Year's Day,PA
2109-01-09,Martyr's Day,PA
2109-03-04,Carnival,PA
2109-03-05,Carnival,PA
2109-04-19,Good Friday,PA
2109-05-01,Labour Day,PA
2109-11-03,Separation Day,PA
2109-11-04,Flag Day,PA
2109-11-05,Colon Day,PA
2109-11-10,Shout in Villa de los Santos,PA
2109-11-28,Independence Day,PA
2109-12-08,Mothers' Day,PA
2109-12-25,Christmas Day,PA
2110-01-01,New Year's Day,PA
2110-01-09,Martyr's Day,PA
2110-02-17,Carnival,PA
2110-02-18,Carnival,PA
2110-04-04,Good Friday,PA
2110-05-01,Labour Day,PA
2110-11-03,Separation Day,PA
2110-11-04,Flag Day,PA
2110-11-05,Colon Day,PA
2110-11-10,Shout in Villa de los Santos,PA
2110-11-28,Independence Day,PA
2110-12-08,Mothers' Day,PA
2110-12-25,Christmas Day,PA
2111-01-01,New Year's Day,PA
2111-01-09,Martyr's Day,PA
2111-02-09,Carnival,PA
2111-02-10,Carnival,PA
2111-03-27,Good Friday,PA
2111-05-01,Labour Day,PA
2111-11-03,Separation Day,PA
2111-11-04,Flag Day,PA
2111-11-05,Colon Day,PA
2111-11-10,Shout in Villa de los Santos,PA
2111-11-28,Independence Day,PA
2111-12-08,Mothers' Day,PA
2111-12-25,Christmas Day,PA
2112-01-01,New Year's Day,PA
2112-01-09,Martyr's Day,PA
2112-02-29,Carnival,PA
2112-03-01,Carnival,PA
2112-04-15,Good Friday,PA
2112-05-01,Labour Day,PA
2112-11-03,Separation Day,PA
2112-11-04,Flag Day,PA
2112-11-05,Colon Day,PA
2112-11-10,Shout in Villa de los Santos,PA
2112-11-28,Independence Day,PA
2112-12-08,Mothers' Day,PA
2112-12-25,Christmas Day,PA
2113-01-01,New Year's Day,PA
2113-01-09,Martyr's Day,PA
2113-02-13,Carnival,PA
2113-02-14,Carnival,PA
2113-03-31,Good Friday,PA
2113-05-01,Labour Day,PA
2113-11-03,Separation Day,PA
2113-11-04,Flag Day,PA
2113-11-05,Colon Day,PA
2113-11-10,Shout in Villa de los Santos,PA
2113-11-28,Independence Day,PA
2113-12-08,Mothers' Day,PA
2113-12-25,Christmas Day,PA
2114-01-01,New Year's Day,PA
2114-01-09,Martyr's Day,PA
2114-03-05,Carnival,PA
2114-03-06,Carnival,PA
2114-04-20,Good Friday,PA
2114-05-01,Labour Day,PA
2114-11-03,Separation Day,PA
2114-11-04,Flag Day,PA
2114-11-05,Colon Day,PA
2114-11-10,Shout in Villa de los Santos,PA
2114-11-28,Independence Day,PA
2114-12-08,Mothers' Day,PA
2114-12-25,Christmas Day,PA
2115-01-01,New Year's Day,PA
2115-01-09,Martyr's Day,PA
2115-02-25,Carnival,PA
2115-02-26,Carnival,PA
2115-04-12,Good Friday,PA
2115-05-01,Labour Day,PA
2115-11-03,Separation Day,PA
2115-11-04,Flag Day,PA
2115-11-05,Colon Day,PA
2115-11-10,Shout in Villa de los Santos,PA
2115-11-28,Independence Day,PA
2115-12-08,Mothers' Day,PA
2115-12-25,Christmas Day,PA
2116-01-01,New Year's Day,PA
2116-01-09,Martyr's Day,PA
2116-02-10,Carnival,PA
2116-02-11,Carnival,PA
2116-03-27,Good Friday,PA
2116-05-01,Labour Day,PA
2116-11-03,Separation Day,PA
2116-11-04,Flag Day,PA
2116-11-05,Colon Day,PA
2116-11-10,Shout in Villa de los Santos,PA
2116-11-28,Independence Day,PA
2116-12-08,Mothers' Day,PA
2116-12-25,Christmas Day,PA
2117-01-01,New Year's Day,PA
2117-01-09,Martyr's Day,PA
2117-03-01,Carnival,PA
2117-03-02,Carnival,PA
2117-04-16,Good Friday,PA
2117-05-01,Labour Day,PA
2117-11-03,Separation Day,PA
2117-11-04,Flag Day,PA
2117-11-05,Colon Day,PA
2117-11-10,Shout in Villa de los Santos,PA
2117-11-28,Independence Day,PA
2117-12-08,Mothers' Day,PA
2117-12-25,Christmas Day,PA
2118-01-01,New Year's Day,PA
2118-01-09,Martyr's Day,PA
2118-02-21,Carnival,PA
2118-02-22,Carnival,PA
2118-04-08,Good Friday,PA
2118-05-01,Labour Day,PA
2118-11-03,Separation Day,PA
2118-11-04,Flag Day,PA
2118-11-05,Colon Day,PA
2118-11-10,Shout in Villa de los Santos,PA
2118-11-28,Independence Day,PA
2118-12-08,Mothers' Day,PA
2118-12-25,Christmas Day,PA
2119-01-01,New Year's Day,PA
2119-01-09,Martyr's Day,PA
2119-02-06,Carnival,PA
2119-02-07,Carnival,PA
2119-03-24,Good Friday,PA
2119-05-01,Labour Day,PA
2119-11-03,Separation Day,PA
2119-11-04,Flag Day,PA
2119-11-05,Colon Day,PA
2119-11-10,Shout in Villa de los Santos,PA
2119-11-28,Independence Day,PA
2119-12-08,Mothers' Day,PA
2119-12-25,Christmas Day,PA
2120-01-01,New Year's Day,PA
2120-01-09,Martyr's Day,PA
2120-02-26,Carnival,PA
2120-02-27,Carnival,PA
2120-04-12,Good Friday,PA
2120-05-01,Labour Day,PA
2120-11-03,Separation Day,PA
2120-11-04,Flag Day,PA
2120-11-05,Colon Day,PA
2120-11-10,Shout in Villa de los Santos,PA
2120-11-28,Independence Day,PA
2120-12-08,Mothers' Day,PA
2120-12-25,Christmas Day,PA
2121-01-01,New Year's Day,PA
2121-01-09,Martyr's Day,PA
2121-02-17,Carnival,PA
2121-02-18,Carnival,PA
2121-04-04,Good Friday,PA
2121-05-01,Labour Day,PA
2121-11-03,Separation Day,PA
2121-11-04,Flag Day,PA
2121-11-05,Colon Day,PA
2121-11-10,Shout in Villa de los Santos,PA
2121-11-28,Independence Day,PA
2121-12-08,Mothers' Day,PA
2121-12-25,Christmas Day,PA
